order_id,customer_id,email,phone,country,status,total_amount,discount_amount,refund_amount,order_date,ship_date
1001.0,103.0,user103@example.com,010-7047-4839,Japan,cancelled,237740.0,68457.0,204270.0,2025-01-09,2025-01-10
1002.0,180.0,user180@example.com,010-2258-8609,USA,cancelled,373418.0,53577.0,364836.0,2024-12-02,2024-12-03
1003.0,93.0,user93@example.com,010-9706-5804,Japan,delivered,436557.0,117322.0,0.0,2025-01-24,2025-01-28
1004.0,,user15@example.com,010-1067-6660,USA,delivered,219659.0,21233.0,0.0,2024-12-08,2024-12-11
1005.0,107.0,user107@example.com,010-5478-9210,South Korea,cancelled,26613.0,1000.0,13334.0,2025-01-17,2025-01-18
1006.0,72.0,user72@example.com,010-4521-1572,korea,delivered,85028.0,12100.0,0.0,2024-12-27,2024-12-29
1007.0,189.0,user189@example.com,010-8082-8832,South Korea,pending,15326.0,524.0,0.0,2024-12-22,2024-12-26
1008.0,21.0,user21@example.com,010-6395-3258,South Korea,cancelled,328365.0,47877.0,170842.0,2025-01-06,2025-01-07
1009.0,103.0,user103@example.com,010-7039-1650,South Korea,shipped,169496.0,46796.0,0.0,2024-12-27,2025-01-01
1010.0,122.0,user122@example.com,010-6741-7838,South Korea,delivered,273527.0,42733.0,0.0,2025-01-26,2025-02-01
,75.0,user75@example.com,010-3587-8876,South Korea,shipped,249172.0,46084.0,0.0,2024-12-29,2024-12-31
1012.0,88.0,user88@example.com,010-4262-2338,South Korea,pending,45356.0,2131.0,0.0,2024-12-03,2024-12-09
1013.0,117.0,user117@example.com,010-5996-6780,France,delivered,204614.0,2685.0,0.0,2025-01-13,2025-01-19
1014.0,100.0,user100@example.com,010-3827-6232,South Korea,delivered,114178.0,3796.0,0.0,2024-12-13,2024-12-14
1015.0,104.0,user104@example.com,010-3217-4539,South Korea,shipped,212108.0,38086.0,0.0,2025-01-14,2025-01-16
1016.0,152.0,not-an-email,010-8845-5383,USA,shipped,105771.0,3015.0,0.0,2024-12-10,2024-12-12
1017.0,131.0,user131@example.com,010-3961-4226,Germany,shipped,421024.0,47491.0,0.0,2025-01-05,2025-01-08
1018.0,,user150@example.com,010-7837-8031,South Korea,delivered,91226.0,15055.0,0.0,2024-12-09,2024-12-15
1019.0,53.0,user53@example.com,010-4716-4414,Japan,cancelled,480586.0,56034.0,317447.0,2025-01-23,2025-01-25
1020.0,2.0,user2@example.com,010-2448-1570,USA,delivered,210874.0,10355.0,0.0,2025-01-25,2025-01-28
1021.0,88.0,user88@example.com,010-3904-3505,South Korea,delivered,-50000.0,34817.0,0.0,2025-01-24,2025-01-28
1022.0,158.0,user158@example.com,010-1917-7982,France,cancelled,316239.0,88071.0,260280.0,2024-12-27,2024-12-30
1023.0,38.0,user38@example.com,010-8427-7336,Germany,delivered,368998.0,74831.0,0.0,2025-01-03,2025-01-08
1024.0,130.0,user130@example.com,010-2678-1615,South Korea,shipped,385023.0,57297.0,0.0,2025-01-20,2025-01-21
1025.0,192.0,user192@example.com,010-8086-5749,South Korea,shipped,254898.0,972.0,0.0,2024-12-01,2024-12-05
1026.0,188.0,user188@example.com,01012345678,France,delivered,273934.0,81557.0,0.0,2025-01-01,2025-01-05
1027.0,21.0,user21@example.com,010-2135-9566,Japan,delivered,259428.0,52258.0,0.0,2024-12-25,2024-12-30
1028.0,161.0,user161@example.com,010-8226-6162,Japan,delivered,296089.0,28151.0,0.0,2024-12-29,2025-01-01
1029.0,58.0,user58@example.com,010-1206-5875,USA,delivered,19550.0,5157.0,0.0,2024-12-07,2024-12-08
1030.0,22.0,user22@example.com,010-2319-2141,USA,delivered,200780.0,15566.0,0.0,2025-01-18,2025-01-21
1031.0,89.0,user89@example.com,010-5627-8389,KR,delivered,305063.0,49788.0,0.0,2024-12-03,2024-12-05
1032.0,49.0,user49@example.com,010-3690-8323,France,delivered,300873.0,57413.0,0.0,2024-12-20,2024-12-23
1033.0,59.0,user59@example.com,010-4255-9281,Germany,delivered,397513.0,26363.0,0.0,2024-12-20,2024-12-24
1034.0,170.0,user170@example.com,010-6213-5108,USA,cancelled,329230.0,96635.0,301084.0,2025-01-22,2025-01-23
1035.0,188.0,user188@example.com,010-4020-2857,Germany,delivered,496106.0,111355.0,0.0,2024-12-30,2025-01-02
1036.0,15.0,user15@example.com,010-9996-3789,USA,shipped,145508.0,24350.0,0.0,2025-01-04,2025-01-05
1037.0,190.0,user190@example.com,010-4875-8605,Japan,delivered,182780.0,9903.0,0.0,2025-01-04,2025-01-05
1038.0,190.0,user190@example.com,010-9135-7055,South Korea,delivered,195004.0,3151.0,0.0,2025-01-18,2025-01-20
1039.0,175.0,user175@example.com,010-4882-8175,Germany,delivered,235577.0,22620.0,0.0,2025-01-08,2025-01-10
1040.0,190.0,user190@example.com,010-8129-6021,Germany,delivered,418819.0,94635.0,0.0,2024-12-27,2024-12-31
1041.0,51.0,user51@example.com,010-5735-3387,USA,delivered,100000.0,9835.0,600000.0,2024-12-26,2024-12-31
1042.0,108.0,user108@example.com,010-7582-6866,Germany,delivered,389120.0,62986.0,0.0,2024-12-14,2024-12-15
1043.0,55.0,user55@example.com,010-3566-1975,USA,shipped,205629.0,44906.0,0.0,2024-12-17,2024-12-22
1044.0,64.0,user64@example.com,010-8212-2262,South Korea,delivered,302918.0,9809.0,0.0,2024-12-18,2024-12-22
1045.0,131.0,user131@example.com,010-6047-8382,South Korea,pending,318108.0,65400.0,0.0,2025-01-14,2025-01-15
1046.0,51.0,missing@,010-7231-4327,South Korea,delivered,189560.0,5225.0,0.0,2025-01-21,2025-01-22
1047.0,135.0,user135@example.com,010-6630-3259,South Korea,shipped,258745.0,74917.0,0.0,2024-12-29,2025-01-04
1048.0,21.0,user21@example.com,010-2257-1464,South Korea,cancelled,209450.0,30688.0,145295.0,2024-12-20,2024-12-25
1049.0,73.0,user73@example.com,010-4294-7774,USA,delivered,39221.0,1773.0,0.0,2025-01-22,2025-01-25
1050.0,167.0,user167@example.com,010-8431-2230,South Korea,cancelled,221397.0,22741.0,155409.0,2024-12-27,2024-12-29
1051.0,18.0,user18@example.com,+82-10-1234-5678,USA,cancelled,53210.0,6599.0,28670.0,2024-12-18,2024-12-21
1052.0,132.0,user132@example.com,010-6750-4856,South Korea,cancelled,205485.0,46739.0,158484.0,2024-12-04,2024-12-09
1053.0,89.0,user89@example.com,010-4135-7953,USA,cancelled,298495.0,66572.0,277860.0,2024-12-01,2024-12-03
1054.0,60.0,user60@example.com,010-7034-5589,South Korea,delivered,291810.0,53571.0,0.0,2025-01-19,2025-01-22
1055.0,14.0,user14@example.com,010-2546-7065,South Korea,delivered,332998.0,10582.0,0.0,2024-12-01,2024-12-07
,9.0,user9@example.com,010-2094-3411,Japan,shipped,52154.0,2371.0,0.0,2025-01-27,2025-01-29
1057.0,90.0,user90@example.com,010-3617-9954,USA,shipped,327801.0,9220.0,0.0,2024-12-26,2024-12-27
1058.0,53.0,user53@example.com,010-5145-3775,South Korea,delivered,159513.0,27620.0,0.0,2025-01-14,2025-01-17
1059.0,130.0,user130@example.com,010-7628-4155,France,delivered,202528.0,53294.0,0.0,2024-12-20,2024-12-22
1060.0,84.0,user84@example.com,010-4970-8972,South Korea,delivered,429703.0,55922.0,0.0,2025-01-21,2025-01-27
1061.0,92.0,user92@example.com,010-9775-6415,대한민국,delivered,9470.0,457.0,0.0,2024-12-23,2024-12-25
1062.0,111.0,user111@example.com,010-5331-2942,France,cancelled,296264.0,49598.0,149955.0,2024-12-10,2024-12-12
1063.0,188.0,user188@example.com,010-7026-9301,Japan,delivered,301363.0,73390.0,0.0,2025-01-28,2025-02-03
1064.0,199.0,user199@example.com,010-1191-1861,Japan,delivered,201347.0,44802.0,0.0,2024-12-11,2024-12-14
1065.0,172.0,user172@example.com,010-7711-1649,Japan,cancelled,122329.0,32348.0,85201.0,2025-01-10,2025-01-14
1066.0,8.0,user8@example.com,010-5134-8587,Japan,cancelled,121164.0,10102.0,92437.0,2025-01-10,2025-01-13
1067.0,175.0,user175@example.com,010-9828-2036,USA,delivered,442436.0,25744.0,0.0,2024-12-05,2024-12-10
1068.0,35.0,user35@example.com,010-5131-3148,South Korea,cancelled,223802.0,59071.0,130435.0,2025-01-27,2025-02-02
1069.0,81.0,user81@example.com,010-6457-7079,South Korea,cancelled,168790.0,33297.0,138892.0,2024-12-01,2024-12-04
1070.0,164.0,user164@example.com,010-3430-2879,Japan,cancelled,227145.0,21188.0,118658.0,2024-12-17,2024-12-19
1071.0,50.0,user50@example.com,010-8542-3011,Germany,shipped,336348.0,74906.0,0.0,2024-12-22,2024-12-28
1072.0,104.0,user104@example.com,010-4373-8357,Japan,delivered,77150.0,18866.0,0.0,2025-01-03,2025-01-04
1073.0,132.0,user132@example.com,010-2289-2447,South Korea,delivered,227470.0,41967.0,0.0,2025-01-25,2025-01-28
1074.0,2.0,user2@example.com,010-4199-7381,USA,pending,296003.0,61085.0,0.0,2025-01-14,2025-01-20
1075.0,134.0,user134@example.com,010-8522-7059,USA,delivered,474549.0,53424.0,0.0,2025-01-10,2025-01-13
1076.0,54.0,@nodomain.com,010-4183-6462,South Korea,delivered,130001.0,21009.0,0.0,2024-12-29,2025-01-04
1077.0,106.0,user106@example.com,010-4216-4136,South Korea,cancelled,182829.0,28749.0,126689.0,2024-12-04,2024-12-06
1078.0,4.0,user4@example.com,010-4318-3782,Japan,shipped,-12000.0,49047.0,0.0,2024-12-05,2024-12-06
1079.0,54.0,user54@example.com,010-8657-5920,Japan,cancelled,304741.0,76791.0,243182.0,2024-12-11,2024-12-12
1080.0,191.0,user191@example.com,010-7324-7327,South Korea,delivered,181582.0,45360.0,0.0,2025-01-25,2025-01-30
1081.0,146.0,user146@example.com,010-9417-1776,South Korea,delivered,269088.0,891.0,0.0,2025-01-20,2025-01-26
1082.0,44.0,user44@example.com,010-6208-1687,South Korea,cancelled,391986.0,88143.0,300082.0,2024-12-21,2024-12-24
1083.0,162.0,user162@example.com,010-1529-6067,South Korea,delivered,354166.0,80609.0,0.0,2025-01-04,2025-01-05
1084.0,190.0,user190@example.com,010-9080-6518,France,delivered,225952.0,45984.0,0.0,2024-12-12,2024-12-13
1085.0,14.0,user14@example.com,010-3153-7094,Germany,cancelled,432787.0,98190.0,337506.0,2024-12-26,2024-12-30
1086.0,95.0,user95@example.com,02-123-4567,South Korea,delivered,281279.0,71049.0,0.0,2025-01-20,2025-01-24
1087.0,48.0,user48@example.com,010-8692-4103,France,pending,272253.0,38414.0,0.0,2024-12-19,2024-12-20
1088.0,15.0,user15@example.com,010-3440-5135,USA,cancelled,21923.0,3302.0,21616.0,2025-01-14,2025-01-20
1089.0,,user200@example.com,010-8124-6201,Japan,delivered,493413.0,18461.0,0.0,2025-01-29,2025-02-03
1090.0,190.0,user190@example.com,010-1844-1446,Japan,delivered,65871.0,7616.0,0.0,2024-12-07,2024-12-08
1091.0,40.0,user40@example.com,010-4915-4109,south korea,delivered,119410.0,23047.0,0.0,2025-01-16,2025-01-18
1092.0,82.0,user82@example.com,010-2234-7587,South Korea,cancelled,30590.0,7162.0,17372.0,2025-01-24,2025-01-27
1093.0,111.0,user111@example.com,010-1226-5143,USA,shipped,321801.0,20969.0,0.0,2024-12-07,2024-12-12
1094.0,53.0,user53@example.com,010-8185-6558,Japan,cancelled,116227.0,4806.0,70251.0,2024-12-26,2024-12-28
1095.0,24.0,user24@example.com,010-1186-3535,South Korea,delivered,94105.0,18719.0,0.0,2025-01-09,2025-01-14
1096.0,154.0,user154@example.com,010-2932-3032,France,shipped,48835.0,28.0,0.0,2024-12-05,2024-12-07
1097.0,188.0,user188@example.com,010-2252-6509,USA,delivered,56138.0,3004.0,0.0,2024-12-21,2024-12-24
1098.0,124.0,user124@example.com,010-6074-2881,South Korea,cancelled,294412.0,2568.0,193312.0,2024-12-14,2024-12-17
1099.0,41.0,user41@example.com,010-1269-2630,France,delivered,345663.0,17306.0,0.0,2024-12-04,2024-12-08
1100.0,157.0,user157@example.com,010-5405-7139,France,shipped,201703.0,10972.0,0.0,2024-12-23,2024-12-29
1050.0,15.0,user15@example.com,010-2574-2695,France,delivered,242549.0,28209.0,0.0,2025-01-11,2025-01-13
1102.0,45.0,user45@example.com,010-4258-4262,South Korea,delivered,344554.0,41587.0,0.0,2024-12-20,2024-12-24
1103.0,65.0,user65@example.com,010-2445-7263,USA,delivered,13603.0,3568.0,0.0,2024-12-15,2024-12-17
1104.0,89.0,user89@example.com,010-9411-1052,Japan,delivered,164950.0,25243.0,0.0,2025-01-19,2025-01-23
1105.0,71.0,user71@example.com,010-6570-8579,USA,delivered,486683.0,105621.0,0.0,2025-01-21,2025-01-24
1106.0,9.0,spaces in@email.com,010-2666-7901,France,shipped,292156.0,9127.0,0.0,2025-01-14,2025-01-19
1107.0,88.0,user88@example.com,010-3785-1719,USA,delivered,130841.0,8849.0,0.0,2024-12-29,2025-01-02
1108.0,129.0,user129@example.com,010-9597-7855,Germany,delivered,263256.0,55516.0,0.0,2024-12-08,2024-12-10
1109.0,136.0,user136@example.com,010-3294-9263,Germany,shipped,174613.0,2766.0,0.0,2025-01-10,2025-01-12
1110.0,63.0,user63@example.com,010-5482-1698,Germany,cancelled,268461.0,39190.0,215692.0,2025-01-17,2025-01-23
1111.0,139.0,user139@example.com,010-8243-6918,Japan,delivered,67242.0,12091.0,0.0,2024-12-19,2024-12-22
1112.0,81.0,user81@example.com,010-1348-6374,South Korea,delivered,70694.0,12770.0,0.0,2025-01-17,2025-01-19
1113.0,136.0,user136@example.com,010-8869-1307,South Korea,cancelled,76053.0,523.0,74940.0,2025-01-08,2025-01-09
1114.0,163.0,user163@example.com,010-4416-5820,Germany,delivered,470211.0,45438.0,0.0,2025-01-15,2025-01-20
1115.0,163.0,user163@example.com,010-4558-5478,South Korea,cancelled,367785.0,70228.0,364127.0,2024-12-28,2025-01-01
1116.0,33.0,user33@example.com,010-7531-5620,Japan,delivered,85379.0,3816.0,0.0,2025-01-15,2025-01-21
1117.0,123.0,user123@example.com,010-3985-9112,South Korea,pending,98233.0,20494.0,0.0,2025-01-26,2025-01-31
1118.0,5.0,user5@example.com,010-9467-3547,Japan,delivered,366761.0,82073.0,0.0,2024-12-27,2024-12-30
1119.0,41.0,user41@example.com,010-1336-3979,Germany,delivered,82301.0,24245.0,0.0,2024-12-04,2024-12-10
1120.0,28.0,user28@example.com,010-4968-1910,Germany,delivered,121108.0,7624.0,0.0,2025-01-27,2025-01-31
1121.0,,user135@example.com,010-2996-4129,South Korea,shipped,481857.0,119278.0,0.0,2024-12-15,2024-12-19
1122.0,72.0,user72@example.com,010-6447-7129,France,shipped,131377.0,20507.0,0.0,2025-01-04,2025-01-05
1123.0,12.0,user12@example.com,010-6850-5204,Japan,shipped,332508.0,37254.0,0.0,2025-01-06,2025-01-09
1124.0,162.0,user162@example.com,010-8446-9519,South Korea,shipped,489422.0,17968.0,0.0,2024-12-01,2024-12-07
1125.0,33.0,user33@example.com,010-1314-2134,USA,delivered,190277.0,41985.0,0.0,2024-12-03,2024-12-09
1126.0,48.0,user48@example.com,010-5876-9102,Japan,shipped,13670.0,967.0,0.0,2025-01-16,2025-01-18
1127.0,151.0,user151@example.com,010-9347-6592,South Korea,delivered,125853.0,14023.0,0.0,2024-12-24,2024-12-25
1128.0,62.0,user62@example.com,010-2724-4343,USA,delivered,416284.0,7811.0,0.0,2024-12-27,2024-12-28
1129.0,37.0,user37@example.com,010-1886-1721,South Korea,delivered,432981.0,104093.0,0.0,2025-01-09,2025-01-15
1130.0,99.0,user99@example.com,010-8678-4357,South Korea,cancelled,385417.0,88637.0,224552.0,2025-01-05,2025-01-11
1131.0,172.0,user172@example.com,010-1870-7751,KOREA,delivered,60989.0,13423.0,0.0,2025-01-03,2025-01-08
1132.0,104.0,user104@example.com,010-1497-2756,South Korea,delivered,398778.0,35823.0,0.0,2024-12-29,2025-01-03
1133.0,35.0,user35@example.com,010-2117-3828,Japan,delivered,459746.0,23927.0,0.0,2024-12-24,2024-12-29
1134.0,193.0,user193@example.com,010-2647-7992,Japan,delivered,302302.0,57820.0,0.0,2024-12-24,2024-12-25
1135.0,101.0,user101@example.com,010-7771-1142,USA,cancelled,470733.0,70069.0,284160.0,2025-01-11,2025-01-13
1136.0,175.0,user175@example.com,010-3761-4435,USA,shipped,414285.0,22154.0,0.0,2024-12-04,2024-12-08
1137.0,131.0,user131@example.com,010-7622-8069,Germany,pending,335151.0,68965.0,0.0,2024-12-03,2024-12-08
1138.0,1.0,user1@example.com,010-5512-2848,USA,delivered,290707.0,86438.0,0.0,2025-01-03,2025-01-05
1139.0,5.0,user5@example.com,010-3696-2717,USA,pending,177544.0,39799.0,0.0,2025-01-26,2025-01-29
1140.0,142.0,user142@example.com,010-4072-3786,South Korea,cancelled,83847.0,18614.0,75149.0,2025-01-18,2025-01-23
1141.0,103.0,user103@example.com,010-4791-4871,Japan,delivered,304452.0,86797.0,0.0,2024-12-23,2024-12-27
1142.0,27.0,user27@example.com,010-2806-2504,Japan,cancelled,162465.0,9891.0,140599.0,2025-01-22,2025-01-25
1143.0,137.0,user137@example.com,010-4308-8117,South Korea,delivered,433887.0,73615.0,0.0,2025-01-25,2025-01-28
1144.0,15.0,user15@example.com,010-6048-9263,Japan,delivered,496702.0,145978.0,0.0,2025-01-21,2025-01-25
1145.0,90.0,user90@example.com,010-2690-4303,Japan,cancelled,377452.0,18717.0,322888.0,2024-12-23,2024-12-28
1146.0,42.0,user42@example.com,010-4113-8850,Germany,delivered,49788.0,10459.0,0.0,2025-01-14,2025-01-15
1147.0,124.0,user124@example.com,010-7416-2504,France,cancelled,147899.0,25992.0,83738.0,2024-12-05,2024-12-09
1148.0,179.0,user179@example.com,010-9924-4924,Japan,shipped,59009.0,10382.0,0.0,2024-12-31,2025-01-04
1149.0,63.0,user63@example.com,010-9615-5485,South Korea,delivered,327003.0,68442.0,0.0,2025-01-22,2025-01-26
1150.0,96.0,user96@example.com,010-9100-9684,South Korea,shipped,383769.0,107027.0,0.0,2025-01-10,2025-01-13
1080.0,52.0,user52@example.com,010-1191-9690,France,delivered,463209.0,108750.0,0.0,2025-01-26,2025-01-28
1152.0,96.0,user96@example.com,010-5917-6831,France,shipped,221895.0,3737.0,0.0,2025-01-26,2025-01-27
1153.0,132.0,user132@example.com,010-5322-7999,South Korea,cancelled,451181.0,115420.0,393849.0,2025-01-29,2025-02-03
1154.0,151.0,user151@example.com,010-8282-2874,USA,cancelled,439556.0,29741.0,340507.0,2025-01-23,2025-01-28
1155.0,143.0,user143@example.com,010-5763-9464,South Korea,cancelled,162012.0,18319.0,85683.0,2024-12-06,2024-12-08
1156.0,171.0,user171@example.com,010-2051-8538,South Korea,shipped,435106.0,60271.0,0.0,2025-01-06,2025-01-10
1157.0,29.0,user29@example.com,010-8411-7320,South Korea,delivered,190958.0,27550.0,0.0,2025-01-26,2025-01-27
1158.0,36.0,user36@example.com,010-3105-1307,South Korea,delivered,151950.0,19838.0,0.0,2024-12-10,2024-12-15
1159.0,13.0,user13@example.com,010-8737-4359,France,delivered,326292.0,91755.0,0.0,2025-01-09,2025-01-15
1160.0,160.0,user160@example.com,010-4176-2251,USA,delivered,167549.0,35488.0,0.0,2024-12-07,2024-12-12
1161.0,71.0,user71@example.com,010-6366-2517,South Korea,delivered,99999999.0,60015.0,0.0,2025-01-08,2025-01-12
1162.0,187.0,user187@example.com,010-7226-6305,USA,delivered,306867.0,4588.0,0.0,2025-01-07,2025-01-13
1163.0,86.0,user86@example.com,010-6869-9039,France,delivered,283902.0,76987.0,0.0,2024-12-21,2024-12-23
1164.0,28.0,user28@example.com,010-5891-5992,France,delivered,193308.0,52738.0,0.0,2024-12-20,2024-12-21
1165.0,66.0,user66@example.com,010-2961-3863,South Korea,pending,276507.0,64720.0,0.0,2024-12-03,2024-12-05
1166.0,170.0,user170@example.com,010-7603-5567,South Korea,pending,300260.0,633.0,0.0,2025-01-20,2025-01-22
1167.0,45.0,user45@example.com,010-7513-5005,South Korea,pending,275115.0,4728.0,0.0,2024-12-22,2024-12-23
1168.0,62.0,user62@example.com,010-1183-8755,South Korea,cancelled,224988.0,15202.0,175796.0,2025-01-16,2025-01-17
1169.0,185.0,user185@example.com,010-4358-7615,South Korea,pending,12260.0,483.0,0.0,2024-12-04,2024-12-09
1170.0,134.0,user134@example.com,010-7797-9728,USA,shipped,295596.0,35368.0,0.0,2024-12-28,2025-01-02
1171.0,28.0,user28@example.com,010-8678-6698,South Korea,delivered,200000.0,24462.0,800000.0,2024-12-12,2024-12-13
1172.0,28.0,user28@example.com,010-2273-7653,South Korea,cancelled,323075.0,45753.0,220057.0,2025-01-07,2025-01-13
1173.0,108.0,user108@example.com,010-2096-9002,South Korea,cancelled,380875.0,1531.0,328641.0,2025-01-20,2025-01-23
1174.0,44.0,user44@example.com,010-5247-6314,South Korea,delivered,252720.0,21437.0,0.0,2025-01-05,2025-01-10
1175.0,84.0,user84@example.com,010-4354-1270,South Korea,delivered,273470.0,3659.0,0.0,2025-01-16,2025-01-19
1176.0,30.0,user30@example.com,010-2186-7305,Japan,delivered,475982.0,5182.0,0.0,2025-01-10,2025-01-16
1177.0,190.0,user190@example.com,010-3398-7995,South Korea,pending,424348.0,35100.0,0.0,2024-12-05,2024-12-06
1178.0,75.0,user75@example.com,010-8299-5182,South Korea,cancelled,457547.0,37832.0,364072.0,2024-12-13,2024-12-19
1179.0,128.0,user128@example.com,010-3230-7511,Japan,delivered,407814.0,96300.0,0.0,2024-12-23,2024-12-28
1180.0,92.0,user92@example.com,010-1128-4672,USA,delivered,58915.0,17230.0,0.0,2025-01-27,2025-01-29
1181.0,190.0,user190@example.com,010-5765-4970,South Korea,delivered,78751.0,8770.0,0.0,2020-03-15,2025-01-20
1182.0,129.0,user129@example.com,010-8545-6552,South Korea,delivered,265679.0,34184.0,0.0,2024-12-30,2025-01-03
1183.0,121.0,user121@example.com,010-1627-7589,South Korea,delivered,126804.0,32137.0,0.0,2025-01-06,2025-01-09
1184.0,27.0,user27@example.com,010-3044-3341,France,cancelled,240964.0,19384.0,197614.0,2024-12-25,2024-12-31
1185.0,190.0,user190@example.com,010-6884-9185,Japan,cancelled,200211.0,9393.0,129980.0,2025-01-17,2025-01-18
1186.0,121.0,user121@example.com,010-1249-3925,Japan,delivered,276960.0,70882.0,0.0,2024-12-27,2025-01-02
1187.0,116.0,user116@example.com,010-6043-1974,France,delivered,374703.0,5227.0,0.0,2025-01-20,2025-01-21
1188.0,3.0,user3@example.com,010-8192-3672,South Korea,pending,359168.0,66773.0,0.0,2024-12-14,2024-12-19
1189.0,103.0,user103@example.com,010-8279-8531,Germany,delivered,263011.0,44343.0,0.0,2025-01-26,2025-01-31
1190.0,198.0,user198@example.com,010-9662-2987,Japan,pending,412085.0,42765.0,0.0,2025-01-17,2025-01-22
1191.0,200.0,user200@example.com,010-1090-9721,South Korea,delivered,218277.0,20640.0,0.0,2025-01-28,2025-02-03
1192.0,155.0,user155@example.com,010-5059-3773,Japan,cancelled,448874.0,103940.0,389180.0,2025-01-16,2025-01-20
1193.0,137.0,user137@example.com,010-9383-8409,USA,delivered,40284.0,1044.0,0.0,2025-01-23,2025-01-28
1194.0,62.0,user62@example.com,010-5440-8347,Japan,delivered,477557.0,33923.0,0.0,2025-01-05,2025-01-06
1195.0,165.0,user165@example.com,010-2008-4783,France,delivered,329073.0,72309.0,0.0,2025-01-08,2025-01-13
1196.0,51.0,user51@example.com,010-7646-5298,South Korea,shipped,193137.0,31770.0,0.0,2024-12-16,2024-12-18
1197.0,172.0,user172@example.com,010-5668-5287,USA,delivered,102591.0,3939.0,0.0,2025-01-25,2025-01-30
1198.0,152.0,user152@example.com,010-3052-7009,South Korea,shipped,242196.0,64095.0,0.0,2024-12-22,2024-12-28
1199.0,59.0,user59@example.com,010-2716-1310,Germany,shipped,101306.0,11958.0,0.0,2024-12-21,2024-12-25
1200.0,118.0,user118@example.com,010-5538-2260,Japan,delivered,87334.0,21690.0,0.0,2025-01-23,2025-01-25
,160.0,user160@example.com,010-4932-1584,South Korea,delivered,310589.0,73396.0,0.0,2024-12-21,2024-12-27
1202.0,96.0,user96@example.com,010-8616-9551,South Korea,delivered,263927.0,49441.0,0.0,2024-12-08,2024-12-14
1203.0,180.0,user180@example.com,010-3866-6898,South Korea,pending,336698.0,49947.0,0.0,2025-01-18,2025-01-24
1204.0,113.0,user113@example.com,010-3011-7251,South Korea,delivered,465155.0,136693.0,0.0,2024-12-16,2024-12-17
1205.0,62.0,user62@example.com,010-5939-5006,South Korea,delivered,268469.0,11676.0,0.0,2025-01-28,2025-02-03
1206.0,186.0,user186@example.com,010-2625-1890,USA,delivered,292561.0,63646.0,0.0,2025-01-24,2025-01-25
1207.0,52.0,user52@example.com,010-7078-8036,Japan,delivered,49365.0,2831.0,0.0,2024-12-31,2025-01-06
1208.0,12.0,user12@example.com,010-9923-4961,USA,delivered,360230.0,36556.0,0.0,2025-01-11,2025-01-14
1209.0,39.0,user39@example.com,010-3504-9806,France,delivered,202953.0,18795.0,0.0,2024-12-10,2024-12-12
1210.0,130.0,user130@example.com,010-4806-7100,Japan,delivered,488479.0,138782.0,0.0,2025-01-01,2025-01-04
1211.0,131.0,user131@example.com,010-2719-7686,USA,cancelled,100000.0,500000.0,276723.0,2025-01-28,2025-02-03
1212.0,113.0,user113@example.com,010-2587-8000,USA,delivered,263628.0,14474.0,0.0,2025-01-03,2025-01-05
1213.0,101.0,user101@example.com,010-1896-6558,South Korea,delivered,65995.0,436.0,0.0,2024-12-09,2024-12-11
1214.0,113.0,user113@example.com,010-9469-5647,South Korea,delivered,430411.0,92970.0,0.0,2024-12-17,2024-12-21
1215.0,184.0,user184@example.com,010-3432-4904,South Korea,delivered,400892.0,50271.0,0.0,2024-12-11,2024-12-14
1216.0,81.0,user81@example.com,010-7837-2449,South Korea,cancelled,96370.0,2568.0,87790.0,2025-01-01,2025-01-05
1217.0,187.0,user187@example.com,010-5500-6454,South Korea,delivered,151163.0,31007.0,0.0,2024-12-10,2024-12-12
1218.0,113.0,user113@example.com,010-5117-9869,South Korea,delivered,397737.0,65043.0,0.0,2024-12-22,2024-12-23
1219.0,2.0,user2@example.com,010-3028-7845,Germany,delivered,96688.0,28441.0,0.0,2025-01-26,2025-01-28
1220.0,130.0,user130@example.com,010-4758-6904,USA,delivered,459287.0,31334.0,0.0,2024-12-17,2024-12-21
1221.0,54.0,user54@example.com,010-5624-9848,South Korea,delivered,215141.0,26074.0,0.0,2099-12-31,2024-12-07
1222.0,87.0,user87@example.com,010-1165-5591,South Korea,cancelled,48084.0,7826.0,41428.0,2025-01-17,2025-01-23
1223.0,129.0,user129@example.com,010-1589-5524,South Korea,delivered,408796.0,97093.0,0.0,2025-01-21,2025-01-27
1224.0,147.0,user147@example.com,010-3821-7509,Japan,delivered,189887.0,31265.0,0.0,2025-01-16,2025-01-19
1225.0,126.0,user126@example.com,010-8693-1071,Japan,cancelled,265617.0,48839.0,136062.0,2024-12-25,2024-12-31
1226.0,130.0,user130@example.com,010-4580-8962,Germany,pending,60591.0,4111.0,0.0,2025-01-28,2025-02-03
1227.0,53.0,user53@example.com,010-1268-3462,South Korea,shipped,6279.0,1595.0,0.0,2024-12-21,2024-12-25
1228.0,172.0,user172@example.com,010-2015-8984,Germany,delivered,320803.0,41252.0,0.0,2025-01-06,2025-01-09
1229.0,160.0,user160@example.com,010-1406-8384,France,cancelled,260012.0,10995.0,205025.0,2025-01-07,2025-01-12
1230.0,198.0,user198@example.com,010-7049-7169,South Korea,pending,298802.0,59538.0,0.0,2025-01-18,2025-01-19
1231.0,160.0,user160@example.com,010-8982-1985,USA,pending,397903.0,25795.0,0.0,2024-12-01,2024-12-02
1232.0,68.0,user68@example.com,010-5485-9901,Japan,pending,325070.0,9514.0,0.0,2024-12-25,2024-12-31
1233.0,183.0,user183@example.com,010-3618-7289,Japan,pending,91513.0,23665.0,0.0,2025-01-20,2025-01-21
1234.0,184.0,user184@example.com,010-7928-6368,Japan,pending,183582.0,25343.0,0.0,2025-01-05,2025-01-08
1235.0,123.0,user123@example.com,010-5621-8566,USA,delivered,453416.0,101921.0,0.0,2024-12-17,2024-12-20
1236.0,145.0,user145@example.com,010-5670-8658,USA,delivered,386123.0,33661.0,0.0,2025-01-10,2025-01-12
1237.0,38.0,user38@example.com,010-2003-8504,Germany,shipped,280535.0,66232.0,0.0,2024-12-24,2024-12-26
1238.0,24.0,user24@example.com,010-3466-2939,France,delivered,131544.0,4417.0,0.0,2024-12-02,2024-12-03
1239.0,69.0,user69@example.com,010-2635-9095,USA,pending,154520.0,16502.0,0.0,2025-01-09,2025-01-14
1240.0,116.0,user116@example.com,010-7265-2895,France,delivered,367319.0,107778.0,0.0,2024-12-15,2024-12-17
1241.0,98.0,user98@example.com,010-7524-2073,USA,delivered,426331.0,101551.0,0.0,2025-01-01,2025-01-03
1242.0,198.0,user198@example.com,010-6184-3402,USA,delivered,337355.0,50326.0,0.0,2025-01-08,2025-01-11
1243.0,139.0,user139@example.com,010-5895-8331,Japan,pending,405717.0,41356.0,0.0,2025-01-28,2025-02-02
1244.0,144.0,user144@example.com,010-2956-8023,South Korea,delivered,384495.0,100600.0,0.0,2024-12-06,2024-12-12
1245.0,97.0,user97@example.com,010-4907-1807,USA,shipped,79103.0,12930.0,0.0,2024-12-01,2024-12-02
1246.0,124.0,user124@example.com,010-9378-5827,Japan,cancelled,214853.0,48885.0,123791.0,2025-01-16,2025-01-18
1247.0,187.0,user187@example.com,010-5524-3284,Japan,delivered,80727.0,18263.0,0.0,2024-12-23,2024-12-28
1248.0,70.0,user70@example.com,010-6313-1757,France,delivered,121442.0,654.0,0.0,2025-01-27,2025-02-01
1249.0,93.0,user93@example.com,010-5887-4854,South Korea,shipped,435284.0,16487.0,0.0,2025-01-08,2025-01-09
1250.0,3.0,user3@example.com,010-4558-1961,Japan,cancelled,239082.0,47312.0,220222.0,2025-01-26,2025-01-31
1251.0,,user148@example.com,010-4847-7726,USA,pending,270002.0,13091.0,0.0,2024-12-17,2024-12-22
1252.0,187.0,user187@example.com,010-4575-3418,USA,shipped,93331.0,7154.0,0.0,2025-01-03,2025-01-08
1253.0,164.0,user164@example.com,010-5198-2001,Japan,delivered,159575.0,45318.0,0.0,2025-01-28,2025-01-30
1254.0,147.0,user147@example.com,010-6244-8119,Germany,shipped,118972.0,19994.0,0.0,2025-01-10,2025-01-11
1255.0,90.0,user90@example.com,010-5066-3845,USA,cancelled,107062.0,24112.0,75806.0,2024-12-29,2025-01-03
1256.0,195.0,user195@example.com,010-9849-6316,South Korea,delivered,320791.0,53699.0,0.0,2024-12-09,2024-12-14
1257.0,147.0,user147@example.com,010-1422-7715,South Korea,shipped,132158.0,21906.0,0.0,2024-12-13,2024-12-15
1258.0,148.0,user148@example.com,010-5266-8549,USA,delivered,317848.0,8978.0,0.0,2024-12-06,2024-12-07
1259.0,96.0,user96@example.com,010-7316-3710,South Korea,cancelled,33935.0,3499.0,31677.0,2024-12-06,2024-12-09
1260.0,199.0,user199@example.com,010-9644-9069,South Korea,cancelled,75178.0,6370.0,54652.0,2024-12-20,2024-12-22
1261.0,52.0,user52@example.com,010-2657-3541,Japan,delivered,140897.0,16516.0,0.0,2030-06-15,2025-01-22
1262.0,161.0,user161@example.com,010-7763-4075,South Korea,cancelled,300538.0,71980.0,233617.0,2025-01-22,2025-01-27
1263.0,168.0,user168@example.com,010-4164-3053,Japan,cancelled,339541.0,37886.0,277930.0,2024-12-03,2024-12-04
1264.0,128.0,user128@example.com,010-9479-6737,Japan,delivered,224145.0,30374.0,0.0,2024-12-17,2024-12-18
1265.0,39.0,user39@example.com,010-4217-2447,Japan,pending,225667.0,26903.0,0.0,2025-01-18,2025-01-24
1266.0,82.0,user82@example.com,010-7009-1607,Japan,delivered,363636.0,10190.0,0.0,2024-12-12,2024-12-13
1267.0,104.0,user104@example.com,010-5552-2764,USA,cancelled,12831.0,1698.0,8361.0,2025-01-17,2025-01-20
1268.0,129.0,user129@example.com,010-3671-7519,South Korea,shipped,173840.0,10201.0,0.0,2025-01-16,2025-01-17
1269.0,11.0,user11@example.com,010-4962-4177,USA,cancelled,410260.0,22982.0,320677.0,2025-01-14,2025-01-17
1270.0,185.0,user185@example.com,010-4722-5906,Japan,shipped,303594.0,8565.0,0.0,2025-01-24,2025-01-29
1271.0,178.0,user178@example.com,010-8263-6054,Germany,pending,171927.0,18396.0,0.0,2024-12-01,2024-12-04
1272.0,151.0,user151@example.com,010-1808-1725,Japan,delivered,453235.0,102995.0,0.0,2024-12-17,2024-12-22
1273.0,159.0,user159@example.com,010-8701-2216,France,pending,387448.0,32132.0,0.0,2024-12-03,2024-12-08
1274.0,42.0,user42@example.com,010-5051-3197,USA,cancelled,136123.0,12755.0,78858.0,2024-12-26,2024-12-29
1275.0,99.0,user99@example.com,010-3806-9970,South Korea,cancelled,324418.0,62549.0,305276.0,2024-12-15,2024-12-17
1276.0,7.0,user7@example.com,010-1972-6634,Germany,cancelled,299897.0,17620.0,273473.0,2025-01-05,2025-01-09
1277.0,144.0,user144@example.com,010-8483-3123,South Korea,delivered,203588.0,54783.0,0.0,2025-01-01,2025-01-02
1278.0,90.0,user90@example.com,010-9790-1224,South Korea,shipped,186643.0,29127.0,0.0,2025-01-01,2025-01-07
1279.0,112.0,user112@example.com,010-2814-2106,South Korea,delivered,175062.0,23507.0,0.0,2024-12-04,2024-12-08
1280.0,60.0,user60@example.com,010-1124-4246,Japan,delivered,310492.0,51960.0,0.0,2024-12-18,2024-12-19
1281.0,113.0,user113@example.com,010-3931-3971,Japan,delivered,88888888.0,11157.0,0.0,2025-01-18,2025-01-19
1282.0,2.0,user2@example.com,010-3017-8415,South Korea,shipped,416772.0,76704.0,0.0,2024-12-19,2024-12-24
1283.0,129.0,user129@example.com,010-3415-4096,Germany,delivered,336453.0,36650.0,0.0,2025-01-12,2025-01-13
1284.0,48.0,user48@example.com,010-2609-1717,South Korea,delivered,39616.0,10663.0,0.0,2025-01-21,2025-01-27
1285.0,140.0,user140@example.com,010-4561-7782,South Korea,cancelled,321883.0,16305.0,305101.0,2025-01-04,2025-01-05
1286.0,197.0,user197@example.com,010-2048-9307,South Korea,cancelled,139218.0,21177.0,110210.0,2025-01-09,2025-01-12
1287.0,37.0,user37@example.com,010-8905-6578,South Korea,delivered,298442.0,53551.0,0.0,2024-12-14,2024-12-18
1288.0,160.0,user160@example.com,010-2620-7548,Japan,delivered,341665.0,3422.0,0.0,2025-01-27,2025-01-30
1289.0,9.0,user9@example.com,010-8381-5780,USA,delivered,119260.0,13012.0,0.0,2025-01-02,2025-01-08
1290.0,99.0,user99@example.com,010-4792-3941,Japan,pending,231145.0,50803.0,0.0,2024-12-14,2024-12-15
1291.0,147.0,user147@example.com,010-6695-7401,South Korea,cancelled,99211.0,24417.0,95783.0,2025-01-03,2025-01-09
1292.0,48.0,user48@example.com,010-7197-6450,South Korea,cancelled,30908.0,2904.0,28230.0,2025-01-24,2025-01-29
1293.0,131.0,user131@example.com,010-9975-9432,South Korea,delivered,192346.0,46082.0,0.0,2024-12-04,2024-12-07
1294.0,148.0,user148@example.com,010-6874-2553,Germany,delivered,184657.0,53611.0,0.0,2024-12-24,2024-12-27
1295.0,152.0,user152@example.com,010-2012-9378,South Korea,shipped,497763.0,127956.0,0.0,2025-01-28,2025-01-30
1296.0,54.0,user54@example.com,010-2881-7799,Japan,delivered,225944.0,7974.0,0.0,2024-12-29,2024-12-30
1297.0,120.0,user120@example.com,010-5586-9622,France,pending,170117.0,37752.0,0.0,2024-12-19,2024-12-24
1298.0,161.0,user161@example.com,010-9430-7447,Japan,cancelled,292335.0,28035.0,284001.0,2024-12-06,2024-12-09
1299.0,152.0,user152@example.com,010-3345-1075,France,pending,48940.0,14512.0,0.0,2025-01-26,2025-01-29
1300.0,116.0,user116@example.com,010-6877-7785,South Korea,delivered,481025.0,70041.0,0.0,2025-01-02,2025-01-07
1100.0,75.0,user75@example.com,010-5922-9090,USA,cancelled,319305.0,11728.0,309139.0,2025-01-18,2025-01-24
1302.0,,user113@example.com,010-3330-5686,Japan,delivered,378645.0,82376.0,0.0,2025-01-09,2025-01-15
1303.0,200.0,user200@example.com,010-2902-5670,USA,shipped,89387.0,8662.0,0.0,2024-12-19,2024-12-20
1304.0,164.0,user164@example.com,010-8143-3059,South Korea,shipped,207692.0,62126.0,0.0,2025-01-22,2025-01-24
1305.0,166.0,user166@example.com,010-1140-2789,South Korea,pending,214231.0,62970.0,0.0,2024-12-01,2024-12-04
1306.0,104.0,user104@example.com,010-1016-1464,South Korea,delivered,411794.0,81058.0,0.0,2024-12-05,2024-12-07
1307.0,84.0,user84@example.com,010-5471-2827,USA,pending,5612.0,219.0,0.0,2024-12-27,2025-01-02
1308.0,112.0,user112@example.com,010-9711-6956,Germany,delivered,153922.0,31717.0,0.0,2024-12-16,2024-12-22
1309.0,99.0,user99@example.com,010-1089-5815,USA,cancelled,490712.0,13695.0,279489.0,2024-12-06,2024-12-10
1310.0,153.0,user153@example.com,010-3851-3843,South Korea,shipped,240069.0,2115.0,0.0,2025-01-09,2025-01-10
1311.0,93.0,user93@example.com,010-7543-6901,Germany,cancelled,194351.0,47983.0,182254.0,2024-12-15,2024-11-01
1312.0,146.0,user146@example.com,010-1969-2094,South Korea,cancelled,64315.0,4047.0,38036.0,2025-01-17,2025-01-21
1313.0,128.0,user128@example.com,010-7124-8347,South Korea,pending,487211.0,55400.0,0.0,2025-01-04,2025-01-08
1314.0,110.0,user110@example.com,010-4195-2404,South Korea,cancelled,14913.0,4355.0,8423.0,2024-12-19,2024-12-20
1315.0,82.0,user82@example.com,010-7940-5290,USA,delivered,369904.0,37380.0,0.0,2024-12-12,2024-12-13
1316.0,194.0,user194@example.com,010-4982-6555,South Korea,cancelled,385457.0,34285.0,374661.0,2024-12-16,2024-12-21
1317.0,54.0,user54@example.com,010-8954-5713,Japan,delivered,125610.0,34601.0,0.0,2025-01-28,2025-01-30
1318.0,163.0,user163@example.com,010-4092-5159,Germany,delivered,337421.0,11211.0,0.0,2025-01-12,2025-01-14
1319.0,189.0,user189@example.com,010-7308-8478,South Korea,delivered,51000.0,11622.0,0.0,2024-12-10,2024-12-15
1320.0,169.0,user169@example.com,010-9476-5933,Japan,cancelled,132238.0,39198.0,132203.0,2024-12-25,2024-12-30
1321.0,161.0,user161@example.com,010-5926-4969,South Korea,delivered,395011.0,106807.0,0.0,2024-12-20,2024-12-26
1322.0,68.0,user68@example.com,010-3965-5319,South Korea,delivered,433020.0,84656.0,0.0,2024-12-31,2025-01-04
1323.0,33.0,user33@example.com,010-9975-8108,Japan,cancelled,306201.0,28850.0,212063.0,2024-12-04,2024-12-09
1324.0,142.0,user142@example.com,010-4939-1044,South Korea,shipped,255885.0,19523.0,0.0,2025-01-13,2025-01-16
1325.0,21.0,user21@example.com,010-2810-5566,USA,shipped,83855.0,20610.0,0.0,2024-12-23,2024-12-25
1326.0,48.0,user48@example.com,010-2909-7364,Japan,shipped,36239.0,9565.0,0.0,2024-12-02,2024-12-07
1327.0,148.0,user148@example.com,010-3581-1691,Japan,delivered,63236.0,9968.0,0.0,2025-01-25,2025-01-28
1328.0,128.0,user128@example.com,010-1931-8910,USA,shipped,117542.0,8616.0,0.0,2024-12-22,2024-12-25
1329.0,136.0,user136@example.com,010-7382-4406,Japan,cancelled,174129.0,5900.0,87315.0,2025-01-20,2025-01-23
1330.0,135.0,user135@example.com,010-9339-2032,Japan,shipped,193550.0,5062.0,0.0,2025-01-26,2025-02-01
1331.0,195.0,user195@example.com,010-2311-9579,Japan,delivered,176429.0,38060.0,0.0,2025-01-06,2025-01-12
1332.0,145.0,user145@example.com,010-4121-2873,South Korea,shipped,123332.0,15544.0,0.0,2024-12-08,2024-12-11
1333.0,128.0,user128@example.com,010-7781-4748,South Korea,cancelled,257314.0,69889.0,182152.0,2024-12-07,2024-12-13
1334.0,33.0,user33@example.com,010-1277-2859,Germany,cancelled,-8000.0,91760.0,355553.0,2024-12-14,2024-12-18
1335.0,176.0,user176@example.com,010-6929-7792,USA,delivered,143453.0,8231.0,0.0,2025-01-25,2025-01-28
1336.0,187.0,user187@example.com,010-5713-5675,South Korea,cancelled,471482.0,86816.0,440780.0,2025-01-24,2025-01-28
1337.0,115.0,user115@example.com,010-2170-9681,Japan,pending,437302.0,57134.0,0.0,2024-12-03,2024-12-07
1338.0,119.0,user119@example.com,010-6308-3462,South Korea,cancelled,85073.0,14733.0,70088.0,2025-01-19,2025-01-22
1339.0,22.0,user22@example.com,010-1287-6953,France,shipped,394207.0,87286.0,0.0,2024-12-16,2024-12-18
1340.0,158.0,user158@example.com,010-5282-2907,South Korea,cancelled,289421.0,69999.0,253826.0,2025-01-24,2025-01-27
1341.0,38.0,user38@example.com,010-2161-1129,South Korea,pending,285455.0,72255.0,0.0,2024-12-19,2024-12-22
1342.0,109.0,user109@example.com,010-7337-3363,South Korea,delivered,198566.0,15129.0,0.0,2025-01-20,2025-01-26
1343.0,51.0,user51@example.com,010-9151-6983,Japan,delivered,253071.0,2362.0,0.0,2024-12-18,2024-12-21
1344.0,182.0,user182@example.com,010-1143-9207,Germany,shipped,201603.0,44713.0,0.0,2025-01-21,2025-01-23
1345.0,8.0,user8@example.com,010-8469-1244,South Korea,shipped,272168.0,8683.0,0.0,2024-12-16,2024-12-22
1346.0,27.0,user27@example.com,010-1926-4178,Germany,pending,315835.0,29839.0,0.0,2024-12-08,2024-12-09
1347.0,27.0,user27@example.com,010-3176-6002,South Korea,delivered,338780.0,388.0,0.0,2025-01-29,2025-01-30
1348.0,21.0,user21@example.com,010-1886-9532,Germany,delivered,268578.0,54924.0,0.0,2025-01-02,2025-01-06
1349.0,30.0,user30@example.com,010-4398-9497,South Korea,shipped,362104.0,18156.0,0.0,2025-01-18,2025-01-22
1350.0,97.0,user97@example.com,010-3654-8392,South Korea,delivered,74933.0,14731.0,0.0,2024-12-12,2024-12-14
1150.0,28.0,user28@example.com,010-2371-8135,USA,pending,109931.0,32707.0,0.0,2025-01-22,2025-01-27
1352.0,111.0,user111@example.com,010-1320-5654,France,cancelled,410274.0,8944.0,213959.0,2024-12-11,2024-12-12
1353.0,192.0,user192@example.com,010-6300-7761,Germany,shipped,164651.0,3807.0,0.0,2024-12-05,2024-12-09
1354.0,197.0,user197@example.com,010-7854-6505,Japan,shipped,16332.0,1668.0,0.0,2024-12-27,2024-12-28
1355.0,61.0,user61@example.com,010-7553-5042,France,pending,81127.0,21086.0,0.0,2024-12-12,2024-12-14
1356.0,48.0,user48@example.com,010-8498-7636,South Korea,delivered,115689.0,7480.0,0.0,2024-12-17,2024-12-19
1357.0,147.0,user147@example.com,010-8362-1011,France,cancelled,478875.0,51773.0,263349.0,2024-12-06,2024-12-11
1358.0,4.0,user4@example.com,010-1194-3537,Japan,delivered,288656.0,5932.0,0.0,2025-01-02,2025-01-07
1359.0,35.0,user35@example.com,010-3842-3229,USA,shipped,466702.0,106850.0,0.0,2024-12-05,2024-12-11
1360.0,192.0,user192@example.com,010-4009-8984,Germany,delivered,289706.0,35487.0,0.0,2025-01-26,2025-01-28
1361.0,49.0,user49@example.com,010-3077-8845,USA,delivered,242280.0,55185.0,0.0,2024-12-28,2025-01-01
1362.0,17.0,user17@example.com,010-4867-5873,Japan,shipped,160295.0,43453.0,0.0,2024-12-14,2024-12-15
1363.0,172.0,user172@example.com,010-9635-1297,Japan,delivered,305154.0,21309.0,0.0,2024-12-05,2024-12-08
1364.0,158.0,user158@example.com,010-6856-2015,Germany,cancelled,73903.0,17901.0,38113.0,2025-01-23,2025-01-28
1365.0,46.0,user46@example.com,010-2384-9745,South Korea,shipped,449640.0,7971.0,0.0,2025-01-25,2025-01-28
1366.0,117.0,user117@example.com,010-3350-2269,France,delivered,415520.0,112047.0,0.0,2025-01-28,2025-02-01
1367.0,6.0,user6@example.com,010-2260-8701,USA,delivered,162178.0,31662.0,0.0,2025-01-02,2025-01-07
1368.0,99.0,user99@example.com,010-9376-5563,South Korea,delivered,476635.0,125006.0,0.0,2025-01-19,2025-01-22
1369.0,124.0,user124@example.com,010-7897-6672,USA,pending,413474.0,23.0,0.0,2025-01-17,2025-01-21
1370.0,37.0,user37@example.com,010-6593-7155,Japan,pending,334822.0,16984.0,0.0,2025-01-10,2025-01-11
1371.0,24.0,user24@example.com,010-6543-8240,USA,cancelled,65272.0,7632.0,33996.0,2024-12-19,2024-12-23
1372.0,93.0,user93@example.com,010-5683-2881,USA,cancelled,241726.0,27521.0,168924.0,2024-12-22,2024-12-28
1373.0,46.0,user46@example.com,010-9713-4809,South Korea,delivered,255523.0,17380.0,0.0,2024-12-05,2024-12-10
1374.0,181.0,user181@example.com,010-6807-5883,Japan,delivered,120113.0,13751.0,0.0,2025-01-28,2025-01-30
1375.0,95.0,user95@example.com,010-8206-5155,France,delivered,44583.0,1723.0,0.0,2024-12-02,2024-12-03
1376.0,99.0,user99@example.com,010-5673-2409,South Korea,delivered,389478.0,48228.0,0.0,2024-12-30,2025-01-02
1377.0,188.0,user188@example.com,010-6197-8452,Japan,delivered,65407.0,15744.0,0.0,2025-01-16,2025-01-21
1378.0,116.0,user116@example.com,010-9718-3172,South Korea,pending,299174.0,42998.0,0.0,2025-01-08,2025-01-10
1379.0,191.0,user191@example.com,010-1279-4977,Japan,cancelled,468542.0,2530.0,369060.0,2024-12-04,2024-12-08
1380.0,160.0,user160@example.com,010-3669-8825,Japan,delivered,438672.0,55463.0,0.0,2025-01-02,2025-01-04
1381.0,161.0,user161@example.com,010-4981-5769,Japan,cancelled,142488.0,1162.0,98501.0,2024-12-13,2024-12-18
1382.0,67.0,user67@example.com,010-6247-5427,South Korea,shipped,426467.0,123621.0,0.0,2024-12-20,2024-12-25
1383.0,128.0,user128@example.com,010-7135-6573,USA,pending,5165.0,197.0,0.0,2025-01-23,2025-01-29
1384.0,18.0,user18@example.com,010-5131-8189,South Korea,shipped,13755.0,2920.0,0.0,2024-12-07,2024-12-13
1385.0,25.0,user25@example.com,010-5535-3776,South Korea,delivered,303264.0,88502.0,0.0,2024-12-15,2024-12-17
1386.0,54.0,user54@example.com,010-8697-9386,South Korea,cancelled,185575.0,45988.0,124503.0,2024-12-23,2024-12-27
1387.0,58.0,user58@example.com,010-1662-9671,South Korea,shipped,196298.0,41182.0,0.0,2024-12-14,2024-12-16
1388.0,67.0,user67@example.com,010-9044-5218,Japan,cancelled,284398.0,71622.0,173947.0,2024-12-23,2024-12-28
1389.0,104.0,user104@example.com,010-6060-6874,USA,delivered,99932.0,29434.0,0.0,2024-12-19,2024-12-24
1390.0,174.0,user174@example.com,010-6581-3014,USA,cancelled,109819.0,20471.0,86244.0,2025-01-23,2025-01-26
1391.0,24.0,user24@example.com,010-4789-8148,South Korea,shipped,244878.0,41080.0,0.0,2024-12-29,2025-01-04
1392.0,114.0,user114@example.com,010-8766-3364,Germany,cancelled,378356.0,71309.0,314604.0,2025-01-25,2025-01-28
1393.0,32.0,user32@example.com,010-4629-6919,USA,delivered,311651.0,49803.0,0.0,2024-12-20,2024-12-21
1394.0,175.0,user175@example.com,010-6675-9872,Japan,shipped,152191.0,28996.0,0.0,2024-12-29,2025-01-03
1395.0,86.0,user86@example.com,010-7638-5651,France,shipped,218017.0,29422.0,0.0,2024-12-24,2024-12-27
1396.0,151.0,user151@example.com,010-1609-8940,France,cancelled,89479.0,5864.0,69210.0,2024-12-18,2024-12-20
1397.0,194.0,user194@example.com,010-4866-1371,South Korea,cancelled,41942.0,1513.0,38372.0,2024-12-10,2024-12-16
1398.0,127.0,user127@example.com,010-7998-1615,South Korea,pending,392435.0,8046.0,0.0,2025-01-10,2025-01-16
1399.0,155.0,user155@example.com,010-7911-7010,France,delivered,136367.0,10772.0,0.0,2025-01-26,2025-01-30
1400.0,,user130@example.com,010-3253-5942,USA,cancelled,92994.0,1287.0,56126.0,2024-12-08,2024-12-10
1200.0,17.0,user17@example.com,010-1864-2268,South Korea,cancelled,347351.0,59102.0,200131.0,2024-12-26,2024-12-30
1402.0,104.0,user104@example.com,010-8454-9976,USA,cancelled,310936.0,26476.0,295305.0,2024-12-29,2025-01-01
1403.0,161.0,user161@example.com,010-5571-6229,Germany,delivered,318429.0,78767.0,0.0,2024-12-10,2024-12-11
1404.0,137.0,user137@example.com,010-3237-5054,USA,delivered,118303.0,2635.0,0.0,2024-12-17,2024-12-19
1405.0,43.0,user43@example.com,010-1935-7394,USA,delivered,120160.0,8160.0,0.0,2024-12-02,2024-12-04
1406.0,176.0,user176@example.com,010-8891-1325,Germany,delivered,114297.0,25039.0,0.0,2024-12-06,2024-12-08
1407.0,39.0,user39@example.com,010-8774-4861,South Korea,delivered,91008.0,16349.0,0.0,2025-01-27,2025-01-31
1408.0,170.0,user170@example.com,010-2985-5932,South Korea,delivered,329583.0,6377.0,0.0,2024-12-05,2024-12-08
1409.0,26.0,user26@example.com,010-5603-3778,USA,shipped,424768.0,111787.0,0.0,2024-12-28,2024-12-30
1410.0,99.0,user99@example.com,010-9832-8754,France,cancelled,363537.0,95675.0,361757.0,2025-01-10,2025-01-12
1411.0,50.0,user50@example.com,010-5078-2367,South Korea,delivered,397086.0,39360.0,0.0,2024-12-05,2024-12-11
1412.0,153.0,user153@example.com,010-5042-3575,Japan,delivered,205375.0,20973.0,0.0,2024-12-18,2024-12-19
1413.0,152.0,user152@example.com,010-7754-2581,USA,delivered,328768.0,97548.0,0.0,2024-12-26,2025-01-01
1414.0,13.0,user13@example.com,010-2986-3240,Japan,delivered,180347.0,33879.0,0.0,2024-12-20,2024-12-26
1415.0,60.0,user60@example.com,010-4966-8604,USA,shipped,265125.0,42260.0,0.0,2025-01-10,2025-01-11
1416.0,135.0,user135@example.com,010-9320-6968,Germany,shipped,243409.0,61204.0,0.0,2025-01-18,2025-01-21
1417.0,57.0,user57@example.com,010-8493-5103,USA,pending,92559.0,7922.0,0.0,2024-12-27,2025-01-02
1418.0,36.0,user36@example.com,010-3076-6231,Japan,shipped,196604.0,25314.0,0.0,2025-01-18,2025-01-21
1419.0,173.0,user173@example.com,010-3994-4744,Japan,delivered,482092.0,38728.0,0.0,2024-12-12,2024-12-18
1420.0,20.0,user20@example.com,010-6594-8531,Japan,delivered,128047.0,30315.0,0.0,2024-12-07,2024-12-12
1421.0,65.0,user65@example.com,010-8371-2644,South Korea,SHIPPED,71233.0,12252.0,0.0,2025-01-28,2025-01-29
1422.0,8.0,user8@example.com,010-4144-1242,South Korea,delivered,212197.0,41940.0,0.0,2024-12-03,2024-12-09
1423.0,144.0,user144@example.com,010-5085-8954,Japan,shipped,396217.0,29991.0,0.0,2024-12-10,2024-12-15
1424.0,142.0,user142@example.com,010-8269-8130,South Korea,cancelled,293163.0,19369.0,290474.0,2025-01-03,2025-01-07
1425.0,115.0,user115@example.com,010-7828-9362,South Korea,cancelled,342083.0,50119.0,261226.0,2024-12-25,2024-12-30
1426.0,143.0,user143@example.com,010-9844-7331,Japan,shipped,98899.0,21883.0,0.0,2025-01-04,2025-01-06
1427.0,92.0,user92@example.com,010-4512-2499,Japan,delivered,311379.0,49065.0,0.0,2024-12-16,2024-12-22
1428.0,98.0,user98@example.com,010-3158-6162,South Korea,pending,165133.0,1617.0,0.0,2024-12-02,2024-12-07
1429.0,66.0,user66@example.com,010-5039-3035,USA,delivered,417980.0,108911.0,0.0,2025-01-29,2025-02-01
1430.0,32.0,user32@example.com,010-8977-1857,USA,delivered,316503.0,6142.0,0.0,2024-12-24,2024-12-28
1431.0,191.0,user191@example.com,010-4823-7770,South Korea,shipped,103434.0,29659.0,0.0,2024-12-10,2024-12-16
1432.0,86.0,user86@example.com,010-1298-8244,Germany,delivered,36985.0,279.0,0.0,2025-01-07,2025-01-09
1433.0,51.0,user51@example.com,010-1923-5232,Japan,shipped,26103.0,5438.0,0.0,2024-12-22,2024-12-27
1434.0,153.0,user153@example.com,010-5306-3799,USA,shipped,188847.0,4657.0,0.0,2024-12-26,2024-12-30
1435.0,186.0,user186@example.com,010-7578-5875,Japan,delivered,136596.0,37318.0,0.0,2025-01-12,2025-01-18
1436.0,63.0,user63@example.com,010-6326-7582,France,delivered,324815.0,45256.0,0.0,2025-01-24,2025-01-28
1437.0,190.0,user190@example.com,010-2802-3657,USA,delivered,252170.0,10404.0,0.0,2025-01-08,2025-01-10
1438.0,125.0,user125@example.com,010-4346-3949,USA,delivered,136680.0,13975.0,0.0,2024-12-27,2025-01-01
1439.0,150.0,user150@example.com,010-1941-2907,USA,cancelled,78873.0,3900.0,48517.0,2024-12-29,2025-01-02
1440.0,58.0,user58@example.com,010-5837-9105,South Korea,shipped,67964.0,3478.0,0.0,2025-01-16,2025-01-20
1441.0,58.0,user58@example.com,010-2243-6696,South Korea,complete,433007.0,123161.0,0.0,2025-01-07,2025-01-08
1442.0,86.0,user86@example.com,010-2466-4957,USA,delivered,125522.0,16766.0,0.0,2024-12-20,2024-12-24
1443.0,49.0,user49@example.com,010-2966-1375,Japan,delivered,327597.0,77523.0,0.0,2024-12-27,2024-12-28
1444.0,180.0,user180@example.com,010-1262-5362,USA,cancelled,406290.0,77960.0,275113.0,2025-01-10,2025-01-15
1445.0,170.0,user170@example.com,010-7502-8833,South Korea,delivered,308970.0,62699.0,0.0,2025-01-23,2025-01-29
1446.0,70.0,user70@example.com,010-2893-9106,Japan,delivered,430485.0,17008.0,0.0,2024-12-20,2024-12-26
1447.0,15.0,user15@example.com,010-2652-6540,South Korea,delivered,199235.0,13997.0,0.0,2025-01-13,2025-01-18
1448.0,54.0,user54@example.com,010-4892-1599,Japan,cancelled,478330.0,112898.0,461268.0,2024-12-19,2024-12-24
1449.0,188.0,user188@example.com,010-5815-2912,USA,cancelled,70907.0,20650.0,62428.0,2024-12-20,2024-12-23
1450.0,101.0,user101@example.com,010-9792-9572,Japan,delivered,55564.0,4379.0,0.0,2025-01-04,2025-01-09
1451.0,,user8@example.com,010-5213-4637,Japan,delivered,331053.0,26971.0,0.0,2025-01-16,2025-01-20
1452.0,53.0,user53@example.com,010-6599-7448,Japan,shipped,471701.0,66920.0,0.0,2024-12-02,2024-12-08
1453.0,60.0,user60@example.com,010-9557-8382,Japan,shipped,405397.0,119654.0,0.0,2024-12-30,2025-01-01
1454.0,108.0,user108@example.com,010-9982-4569,USA,delivered,42826.0,3456.0,0.0,2025-01-22,2025-01-28
1455.0,5.0,user5@example.com,010-8707-1746,South Korea,pending,143287.0,17494.0,0.0,2025-01-03,2025-01-04
1456.0,103.0,user103@example.com,010-9504-5633,Japan,delivered,465508.0,124497.0,0.0,2024-12-22,2024-12-28
1457.0,196.0,user196@example.com,010-1920-8008,Japan,shipped,130264.0,114.0,0.0,2024-12-03,2024-12-06
1458.0,6.0,user6@example.com,010-3381-4618,USA,delivered,391679.0,4673.0,0.0,2024-12-06,2024-12-11
1459.0,109.0,user109@example.com,010-9989-5443,Japan,delivered,413440.0,74924.0,0.0,2024-12-15,2024-12-20
1460.0,116.0,user116@example.com,010-1272-2773,Germany,cancelled,250249.0,68121.0,191094.0,2024-12-27,2025-01-02
1461.0,94.0,user94@example.com,010-3547-4164,France,refunded,196243.0,14062.0,0.0,2024-12-10,2024-12-12
1462.0,47.0,user47@example.com,010-5780-1946,South Korea,delivered,227812.0,32097.0,0.0,2024-12-09,2024-12-11
1463.0,99.0,user99@example.com,010-1506-7719,South Korea,cancelled,117348.0,15858.0,65063.0,2025-01-02,2025-01-05
1464.0,55.0,user55@example.com,010-9435-9697,Japan,pending,445249.0,63177.0,0.0,2025-01-01,2025-01-02
1465.0,168.0,user168@example.com,010-7360-8657,South Korea,cancelled,228057.0,42591.0,170842.0,2025-01-17,2025-01-23
1466.0,52.0,user52@example.com,010-4590-2192,USA,delivered,441817.0,62262.0,0.0,2024-12-06,2024-12-11
1467.0,144.0,user144@example.com,010-2464-1390,France,delivered,57318.0,7694.0,0.0,2025-01-10,2025-01-16
1468.0,13.0,user13@example.com,010-6615-7106,South Korea,cancelled,494196.0,70317.0,376217.0,2025-01-28,2025-01-31
1469.0,114.0,user114@example.com,010-9864-3560,South Korea,shipped,224420.0,39781.0,0.0,2025-01-05,2025-01-09
1470.0,124.0,user124@example.com,010-6867-2211,South Korea,delivered,28676.0,4620.0,0.0,2025-01-28,2025-02-01
1471.0,106.0,user106@example.com,010-2539-1643,USA,cancelled,23821.0,6104.0,22861.0,2025-01-29,2025-02-01
1472.0,158.0,user158@example.com,010-9693-9921,Japan,pending,374373.0,5559.0,0.0,2024-12-02,2024-12-07
1473.0,147.0,user147@example.com,010-2283-8680,South Korea,delivered,331223.0,82804.0,0.0,2024-12-29,2025-01-01
1474.0,145.0,user145@example.com,010-8345-5386,France,cancelled,402055.0,101791.0,203647.0,2024-12-04,2024-12-09
1475.0,120.0,user120@example.com,010-1919-3339,USA,shipped,57157.0,4885.0,0.0,2024-12-01,2024-12-03
1476.0,63.0,user63@example.com,010-9947-6930,South Korea,cancelled,22608.0,3139.0,20679.0,2024-12-19,2024-12-22
1477.0,19.0,user19@example.com,010-6402-6663,USA,delivered,256747.0,33778.0,0.0,2024-12-26,2024-12-31
1478.0,92.0,user92@example.com,010-6275-1507,USA,delivered,196860.0,12905.0,0.0,2024-12-25,2024-12-28
1479.0,58.0,user58@example.com,010-2436-9750,South Korea,delivered,233664.0,27815.0,0.0,2024-12-10,2024-12-13
1480.0,183.0,user183@example.com,010-8354-5516,South Korea,shipped,495836.0,6603.0,0.0,2025-01-22,2025-01-27
1481.0,90.0,user90@example.com,010-4622-5399,South Korea,cancelled,485521.0,40467.0,474086.0,2024-12-15,2024-12-20
1482.0,117.0,user117@example.com,010-6037-9111,South Korea,cancelled,471446.0,115506.0,463680.0,2025-01-28,2025-01-29
1483.0,62.0,user62@example.com,010-4715-8837,Germany,delivered,393002.0,33550.0,0.0,2024-12-22,2024-12-25
1484.0,23.0,user23@example.com,010-2301-8370,France,delivered,180646.0,44342.0,0.0,2025-01-20,2025-01-24
1485.0,127.0,user127@example.com,010-6185-3155,South Korea,delivered,209005.0,33332.0,0.0,2025-01-17,2025-01-20
1486.0,137.0,user137@example.com,010-7411-7365,South Korea,delivered,277060.0,73132.0,0.0,2024-12-21,2024-12-24
1487.0,140.0,user140@example.com,010-1692-2478,South Korea,delivered,416115.0,71752.0,0.0,2025-01-28,2025-02-02
1488.0,129.0,user129@example.com,010-7396-9448,South Korea,delivered,39013.0,347.0,0.0,2025-01-25,2025-01-28
1489.0,58.0,user58@example.com,010-1441-3646,Germany,delivered,215027.0,43570.0,0.0,2024-12-22,2024-12-28
1490.0,122.0,user122@example.com,010-6209-7533,South Korea,delivered,45896.0,618.0,0.0,2025-01-05,2025-01-08
1491.0,1.0,user1@example.com,010-5677-8211,South Korea,delivered,259756.0,35114.0,0.0,2025-01-03,2025-01-09
1492.0,34.0,user34@example.com,010-3645-9210,South Korea,pending,449956.0,125460.0,0.0,2024-12-30,2025-01-03
1493.0,96.0,user96@example.com,010-8933-6476,USA,shipped,392330.0,19444.0,0.0,2024-12-25,2024-12-30
1494.0,126.0,user126@example.com,010-8928-3080,South Korea,delivered,117782.0,13776.0,0.0,2025-01-14,2025-01-17
1495.0,118.0,user118@example.com,010-7089-8396,USA,delivered,488115.0,106877.0,0.0,2024-12-28,2025-01-03
1496.0,48.0,user48@example.com,010-8797-1861,South Korea,delivered,335338.0,88756.0,0.0,2024-12-01,2024-12-07
1497.0,89.0,user89@example.com,010-9346-4494,USA,delivered,10162.0,2045.0,0.0,2025-01-18,2025-01-24
1498.0,117.0,user117@example.com,010-1904-2269,USA,delivered,131430.0,10180.0,0.0,2025-01-14,2025-01-16
1499.0,129.0,user129@example.com,010-1404-2184,South Korea,delivered,134053.0,27130.0,0.0,2024-12-04,2024-12-05
1500.0,16.0,user16@example.com,010-9938-2725,Japan,delivered,39281.0,3497.0,0.0,2024-12-07,2024-12-11
